,PCRINCONCLUSIVE,POSITIVITYRATE,POSITIVITYRATEROLLINGAVG,SEROLOGYINCONCLUSIVE,SEROLOGYNEGATIVE,SEROLOGYPOSITIVE,date,month,year
0,0.0,100.0,0.0,0.0,0.0,0.0,2020-03-03,3,2020
1,0.0,0.0,0.0,0.0,0.0,0.0,2020-03-04,3,2020
2,0.0,0.0,0.0,0.0,0.0,0.0,2020-03-05,3,2020
3,0.0,0.0,0.0,0.0,0.0,0.0,2020-03-06,3,2020
4,0.0,0.0,0.0,0.0,0.0,0.0,2020-03-07,3,2020
5,0.0,0.0,0.0,0.0,0.0,0.0,2020-03-08,3,2020
6,0.0,0.0,0.0,0.0,0.0,0.0,2020-03-09,3,2020
7,0.0,0.0,0.0,0.0,0.0,0.0,2020-03-10,3,2020
8,0.0,0.0,0.0,0.0,0.0,0.0,2020-03-11,3,2020
9,0.0,0.0,0.0,0.0,0.0,0.0,2020-03-12,3,2020
10,0.0,33.3333333333,4.8,0.0,0.0,0.0,2020-03-13,3,2020
11,0.0,10.0,6.2,0.0,0.0,0.0,2020-03-14,3,2020
12,0.0,0.0,6.2,0.0,0.0,0.0,2020-03-15,3,2020
13,0.0,17.6470588235,8.7,0.0,0.0,0.0,2020-03-16,3,2020
14,0.0,7.31707317073,9.8,0.0,0.0,0.0,2020-03-17,3,2020
15,0.0,9.85915492958,11.2,0.0,0.0,0.0,2020-03-18,3,2020
16,0.0,12.1951219512,12.9,0.0,0.0,0.0,2020-03-19,3,2020
17,0.0,12.987012987,10.0,0.0,0.0,0.0,2020-03-20,3,2020
18,0.0,12.9032258065,10.4,0.0,0.0,0.0,2020-03-21,3,2020
19,0.0,20.6896551724,13.4,0.0,0.0,0.0,2020-03-22,3,2020
20,0.0,7.95454545455,12.0,0.0,0.0,0.0,2020-03-23,3,2020
21,0.0,12.8491620112,12.8,0.0,0.0,0.0,2020-03-24,3,2020
22,0.0,12.077294686,13.1,0.0,0.0,0.0,2020-03-25,3,2020
23,0.0,18.2291666667,14.0,0.0,0.0,0.0,2020-03-26,3,2020
24,0.0,19.2893401015,14.9,0.0,0.0,0.0,2020-03-27,3,2020
25,0.0,20.3947368421,15.9,0.0,0.0,0.0,2020-03-28,3,2020
26,0.0,32.5301204819,17.6,0.0,0.0,0.0,2020-03-29,3,2020
27,0.0,13.1097560976,18.4,0.0,0.0,0.0,2020-03-30,3,2020
28,0.0,17.004048583,18.9,0.0,0.0,0.0,2020-03-31,3,2020
29,0.0,16.2962962963,19.6,0.0,0.0,0.0,2020-04-01,4,2020
30,0.0,18.4300341297,19.6,0.0,0.0,0.0,2020-04-02,4,2020
31,0.0,14.0562248996,18.8,0.0,0.0,0.0,2020-04-03,4,2020
32,0.0,14.2045454545,17.9,0.0,0.0,0.0,2020-04-04,4,2020
33,0.0,24.1666666667,16.8,0.0,0.0,0.0,2020-04-05,4,2020
34,0.0,29.4478527607,19.1,0.0,0.0,0.0,2020-04-06,4,2020
35,0.0,19.2708333333,19.4,0.0,0.0,0.0,2020-04-07,4,2020
36,0.0,22.1621621622,20.2,0.0,0.0,0.0,2020-04-08,4,2020
37,0.0,21.3793103448,20.7,0.0,0.0,0.0,2020-04-09,4,2020
38,0.0,21.6931216931,21.8,0.0,0.0,0.0,2020-04-10,4,2020
39,0.0,14.2857142857,21.8,0.0,0.0,0.0,2020-04-11,4,2020
40,0.0,27.0588235294,22.2,0.0,0.0,0.0,2020-04-12,4,2020
41,0.0,14.6464646465,20.1,0.0,0.0,0.0,2020-04-13,4,2020
42,0.0,15.0753768844,19.5,0.0,0.0,0.0,2020-04-14,4,2020
43,1.0,21.5789473684,19.4,0.0,1.0,1.0,2020-04-15,4,2020
44,0.0,16.9398907104,18.8,0.0,0.0,1.0,2020-04-16,4,2020
45,1.0,15.7142857143,17.9,0.0,0.0,0.0,2020-04-17,4,2020
46,0.0,19.801980198,18.7,0.0,0.0,0.0,2020-04-18,4,2020
47,0.0,18.1818181818,17.4,0.0,0.0,0.0,2020-04-19,4,2020
48,2.0,14.7368421053,17.4,0.0,0.0,1.0,2020-04-20,4,2020
49,4.0,23.6363636364,18.7,0.0,13.0,0.0,2020-04-21,4,2020
50,2.0,11.1538461538,17.2,0.0,6.0,1.0,2020-04-22,4,2020
51,6.0,17.7865612648,17.3,0.0,2.0,0.0,2020-04-23,4,2020
52,8.0,9.09090909091,16.3,0.0,8.0,0.0,2020-04-24,4,2020
53,0.0,19.2307692308,16.3,0.0,0.0,1.0,2020-04-25,4,2020
54,0.0,19.7916666667,16.5,0.0,0.0,0.0,2020-04-26,4,2020
55,1.0,15.1260504202,16.5,0.0,14.0,0.0,2020-04-27,4,2020
56,1.0,15.0,15.3,0.0,13.0,1.0,2020-04-28,4,2020
57,1.0,23.4323432343,17.1,0.0,10.0,2.0,2020-04-29,4,2020
58,2.0,16.3157894737,16.9,0.0,16.0,0.0,2020-04-30,4,2020
59,1.0,17.0731707317,18.0,0.0,13.0,1.0,2020-05-01,5,2020
60,0.0,10.3448275862,16.7,0.0,5.0,1.0,2020-05-02,5,2020
61,0.0,11.9047619048,15.6,0.0,0.0,1.0,2020-05-03,5,2020
62,1.0,15.7894736842,15.7,0.0,18.0,2.0,2020-05-04,5,2020
63,1.0,15.5172413793,15.8,0.0,28.0,0.0,2020-05-05,5,2020
64,1.0,10.3857566766,13.9,0.0,32.0,0.0,2020-05-06,5,2020
65,0.0,8.39416058394,12.8,0.0,39.0,0.0,2020-05-07,5,2020
66,1.0,5.48523206751,11.1,0.0,29.0,1.0,2020-05-08,5,2020
67,0.0,7.89473684211,10.8,0.0,27.0,1.0,2020-05-09,5,2020
68,0.0,9.80392156863,10.5,0.0,14.0,1.0,2020-05-10,5,2020
69,0.0,8.84955752212,9.5,0.0,48.0,1.0,2020-05-11,5,2020
70,2.0,13.1901840491,9.1,0.0,93.0,7.0,2020-05-12,5,2020
71,0.0,12.7795527157,9.5,1.0,119.0,6.0,2020-05-13,5,2020
72,0.0,8.35913312693,9.5,1.0,129.0,5.0,2020-05-14,5,2020
73,0.0,6.9825436409,9.7,0.0,115.0,4.0,2020-05-15,5,2020
74,0.0,9.44444444444,9.9,0.0,47.0,2.0,2020-05-16,5,2020
75,0.0,6.36942675159,9.4,0.0,34.0,1.0,2020-05-17,5,2020
76,0.0,6.81818181818,9.1,0.0,93.0,5.0,2020-05-18,5,2020
77,0.0,11.3082039911,8.9,0.0,87.0,2.0,2020-05-19,5,2020
78,0.0,9.88023952096,8.5,0.0,87.0,4.0,2020-05-20,5,2020
79,0.0,9.13580246914,8.6,1.0,98.0,12.0,2020-05-21,5,2020
80,0.0,4.20560747664,8.2,0.0,107.0,8.0,2020-05-22,5,2020
81,0.0,3.79146919431,7.4,0.0,42.0,4.0,2020-05-23,5,2020
82,0.0,3.57142857143,7.0,0.0,40.0,2.0,2020-05-24,5,2020
83,0.0,5.91397849462,6.8,0.0,24.0,3.0,2020-05-25,5,2020
84,0.0,6.51085141903,6.1,0.0,80.0,5.0,2020-05-26,5,2020
85,0.0,6.40138408304,5.6,0.0,74.0,5.0,2020-05-27,5,2020
86,0.0,6.26223091977,5.2,0.0,71.0,5.0,2020-05-28,5,2020
87,0.0,4.79452054795,5.3,0.0,74.0,6.0,2020-05-29,5,2020
88,1.0,5.57939914163,5.6,0.0,15.0,2.0,2020-05-30,5,2020
89,0.0,7.10382513661,6.1,0.0,14.0,4.0,2020-05-31,5,2020
90,1.0,6.51828298887,6.2,0.0,30.0,2.0,2020-06-01,6,2020
91,1.0,5.75396825397,6.1,0.0,40.0,2.0,2020-06-02,6,2020
92,0.0,5.53505535055,5.9,0.0,42.0,5.0,2020-06-03,6,2020
93,1.0,5.6657223796,5.9,0.0,71.0,2.0,2020-06-04,6,2020
94,0.0,5.87002096436,6.0,0.0,54.0,2.0,2020-06-05,6,2020
95,0.0,6.57894736842,6.1,0.0,25.0,1.0,2020-06-06,6,2020
96,0.0,2.63157894737,5.5,0.0,17.0,1.0,2020-06-07,6,2020
97,0.0,4.48343079922,5.2,0.0,66.0,1.0,2020-06-08,6,2020
98,0.0,5.52380952381,5.2,0.0,71.0,3.0,2020-06-09,6,2020
99,0.0,4.05156537753,5.0,0.0,65.0,5.0,2020-06-10,6,2020
100,0.0,6.87116564417,5.1,0.0,69.0,3.0,2020-06-11,6,2020
101,0.0,4.83870967742,5.0,0.0,65.0,8.0,2020-06-12,6,2020
102,1.0,3.19488817891,4.5,0.0,31.0,2.0,2020-06-13,6,2020
103,0.0,4.3956043956,4.8,3.0,18.0,1.0,2020-06-14,6,2020
104,1.0,3.94557823129,4.7,0.0,73.0,2.0,2020-06-15,6,2020
105,0.0,6.25978090767,4.8,3.0,59.0,7.0,2020-06-16,6,2020
106,2.0,5.50595238095,5.0,0.0,51.0,3.0,2020-06-17,6,2020
107,1.0,6.77966101695,5.0,0.0,71.0,6.0,2020-06-18,6,2020
108,2.0,5.09803921569,5.0,0.0,77.0,7.0,2020-06-19,6,2020
109,0.0,6.6091954023,5.5,0.0,41.0,3.0,2020-06-20,6,2020
110,0.0,11.1111111111,6.5,0.0,22.0,1.0,2020-06-21,6,2020
111,8.0,6.92307692308,6.9,0.0,96.0,2.0,2020-06-22,6,2020
112,1.0,5.83850931677,6.8,0.0,66.0,3.0,2020-06-23,6,2020
113,3.0,6.5274151436,7.0,1.0,60.0,1.0,2020-06-24,6,2020
114,0.0,7.70416024653,7.1,0.0,37.0,4.0,2020-06-25,6,2020
115,0.0,7.04787234043,7.4,0.0,97.0,3.0,2020-06-26,6,2020
116,0.0,8.22222222222,7.6,0.0,37.0,4.0,2020-06-27,6,2020
117,0.0,7.42268041237,7.1,0.0,20.0,1.0,2020-06-28,6,2020
118,1.0,8.67537313433,7.3,0.0,122.0,2.0,2020-06-29,6,2020
119,0.0,7.75862068966,7.6,0.0,96.0,3.0,2020-06-30,6,2020
120,0.0,8.08743169399,7.8,0.0,92.0,0.0,2020-07-01,7,2020
121,1.0,9.07172995781,8.0,1.0,102.0,6.0,2020-07-02,7,2020
122,0.0,9.66183574879,8.4,0.0,47.0,2.0,2020-07-03,7,2020
123,0.0,16.3194444444,9.6,0.0,13.0,1.0,2020-07-04,7,2020
124,0.0,10.1333333333,10.0,0.0,15.0,3.0,2020-07-05,7,2020
125,0.0,8.40407470289,9.9,0.0,102.0,2.0,2020-07-06,7,2020
126,1.0,8.99182561308,10.1,0.0,76.0,1.0,2020-07-07,7,2020
127,0.0,10.3843008994,10.4,0.0,85.0,3.0,2020-07-08,7,2020
128,1.0,9.796314258,10.5,0.0,63.0,2.0,2020-07-09,7,2020
129,2.0,8.42696629213,10.4,0.0,62.0,2.0,2020-07-10,7,2020
130,0.0,8.4126984127,9.2,0.0,24.0,4.0,2020-07-11,7,2020
131,0.0,9.48766603416,9.1,0.0,16.0,1.0,2020-07-12,7,2020
132,1.0,8.05369127517,9.1,0.0,63.0,5.0,2020-07-13,7,2020
133,0.0,9.09090909091,9.1,0.0,61.0,1.0,2020-07-14,7,2020
134,0.0,8.09399477807,8.8,0.0,52.0,4.0,2020-07-15,7,2020
135,0.0,9.87654320988,8.8,0.0,48.0,0.0,2020-07-16,7,2020
136,0.0,9.87525987526,9.0,0.0,39.0,0.0,2020-07-17,7,2020
137,0.0,11.394891945,9.4,0.0,14.0,1.0,2020-07-18,7,2020
138,1.0,11.0024449878,9.6,0.0,22.0,1.0,2020-07-19,7,2020
139,4.0,7.98586572438,9.6,0.0,99.0,1.0,2020-07-20,7,2020
140,2.0,7.82674772036,9.4,0.0,66.0,2.0,2020-07-21,7,2020
141,0.0,11.892450879,10.0,0.0,39.0,5.0,2020-07-22,7,2020
142,2.0,8.67537313433,9.8,1.0,31.0,0.0,2020-07-23,7,2020
143,1.0,8.65874363328,9.6,2.0,34.0,1.0,2020-07-24,7,2020
144,0.0,6.83506686478,9.0,0.0,5.0,2.0,2020-07-25,7,2020
145,0.0,7.32142857143,8.5,0.0,22.0,1.0,2020-07-26,7,2020
146,1.0,10.1842870999,8.8,0.0,49.0,3.0,2020-07-27,7,2020
147,2.0,8.98100172712,8.9,0.0,39.0,2.0,2020-07-28,7,2020
148,3.0,8.82352941176,8.5,0.0,31.0,0.0,2020-07-29,7,2020
149,6.0,8.59671302149,8.5,0.0,25.0,2.0,2020-07-30,7,2020
150,0.0,7.94491525424,8.4,0.0,30.0,3.0,2020-07-31,7,2020
151,8.0,11.684370258,9.1,0.0,10.0,1.0,2020-08-01,8,2020
152,5.0,8.96309314587,9.3,0.0,12.0,0.0,2020-08-02,8,2020
153,7.0,6.51685393258,8.8,0.0,32.0,3.0,2020-08-03,8,2020
154,4.0,6.95278969957,8.5,0.0,25.0,4.0,2020-08-04,8,2020
155,1.0,8.35603996367,8.4,1.0,22.0,4.0,2020-08-05,8,2020
156,0.0,6.64893617021,8.2,0.0,24.0,2.0,2020-08-06,8,2020
157,2.0,8.46153846154,8.2,0.0,45.0,0.0,2020-08-07,8,2020
158,0.0,8.87245841035,7.8,0.0,11.0,2.0,2020-08-08,8,2020
159,0.0,8.47457627119,7.8,0.0,6.0,0.0,2020-08-09,8,2020
160,2.0,7.84114052953,7.9,0.0,25.0,3.0,2020-08-10,8,2020
161,10.0,7.52405949256,8.0,0.0,27.0,5.0,2020-08-11,8,2020
162,1.0,6.93703308431,7.8,0.0,21.0,2.0,2020-08-12,8,2020
163,1.0,7.78210116732,8.0,0.0,28.0,3.0,2020-08-13,8,2020
164,2.0,8.33333333333,8.0,0.0,18.0,1.0,2020-08-14,8,2020
165,0.0,8.66807610994,7.9,0.0,10.0,0.0,2020-08-15,8,2020
166,1.0,6.65280665281,7.7,0.0,7.0,1.0,2020-08-16,8,2020
167,0.0,6.44329896907,7.5,0.0,22.0,2.0,2020-08-17,8,2020
168,2.0,5.71923743501,7.2,0.0,19.0,5.0,2020-08-18,8,2020
169,0.0,5.89788732394,7.1,0.0,21.0,0.0,2020-08-19,8,2020
170,1.0,5.7210965435,6.8,0.0,16.0,2.0,2020-08-20,8,2020
171,1.0,7.2602739726,6.6,0.0,13.0,4.0,2020-08-21,8,2020
172,0.0,5.45112781955,6.2,0.0,3.0,0.0,2020-08-22,8,2020
173,1.0,9.92647058824,6.6,0.0,0.0,3.0,2020-08-23,8,2020
174,1.0,5.87467362924,6.6,0.0,20.0,0.0,2020-08-24,8,2020
175,0.0,5.05319148936,6.5,0.0,19.0,2.0,2020-08-25,8,2020
176,0.0,4.75638051044,6.3,0.0,18.0,6.0,2020-08-26,8,2020
177,0.0,5.75539568345,6.3,0.0,13.0,2.0,2020-08-27,8,2020
178,1.0,6.63507109005,6.2,0.0,10.0,1.0,2020-08-28,8,2020
179,0.0,5.0,6.1,0.0,2.0,0.0,2020-08-29,8,2020
180,0.0,6.23145400593,5.6,0.0,4.0,0.0,2020-08-30,8,2020
181,2.0,6.03217158177,5.6,0.0,7.0,1.0,2020-08-31,8,2020
182,2.0,5.07462686567,5.6,0.0,15.0,8.0,2020-09-01,9,2020
183,1.0,5.55555555556,5.8,1.0,18.0,3.0,2020-09-02,9,2020
184,0.0,5.6050955414,5.7,1.0,35.0,6.0,2020-09-03,9,2020
185,0.0,6.67678300455,5.7,0.0,23.0,3.0,2020-09-04,9,2020
186,0.0,5.14469453376,5.8,0.0,2.0,2.0,2020-09-05,9,2020
187,0.0,6.47482014388,5.8,0.0,5.0,1.0,2020-09-06,9,2020
188,0.0,8.64661654135,6.2,0.0,3.0,0.0,2020-09-07,9,2020
189,2.0,4.01301518438,6.0,0.0,12.0,2.0,2020-09-08,9,2020
190,1.0,6.08930987821,6.1,0.0,13.0,4.0,2020-09-09,9,2020
191,0.0,6.69099756691,6.2,0.0,24.0,3.0,2020-09-10,9,2020
192,0.0,4.16666666667,5.9,0.0,24.0,0.0,2020-09-11,9,2020
193,0.0,3.9039039039,5.7,0.0,10.0,1.0,2020-09-12,9,2020
194,1.0,4.94505494505,5.5,0.0,6.0,0.0,2020-09-13,9,2020
195,1.0,4.13223140496,4.8,0.0,18.0,0.0,2020-09-14,9,2020
196,2.0,5.23394131642,5.0,0.0,11.0,4.0,2020-09-15,9,2020
197,1.0,3.80479735318,4.7,0.0,20.0,2.0,2020-09-16,9,2020
198,1.0,4.45103857567,4.4,0.0,19.0,5.0,2020-09-17,9,2020
199,0.0,4.05982905983,4.4,0.0,12.0,4.0,2020-09-18,9,2020
200,0.0,4.51866404715,4.4,0.0,2.0,0.0,2020-09-19,9,2020
201,0.0,6.72782874618,4.7,0.0,3.0,0.0,2020-09-20,9,2020
202,1.0,3.76301040833,4.7,0.0,20.0,3.0,2020-09-21,9,2020
203,0.0,3.26936744847,4.4,0.0,20.0,4.0,2020-09-22,9,2020
204,0.0,4.21568627451,4.4,0.0,15.0,2.0,2020-09-23,9,2020
205,0.0,3.53697749196,4.3,0.0,17.0,2.0,2020-09-24,9,2020
206,1.0,4.93685419059,4.4,0.0,13.0,3.0,2020-09-25,9,2020
207,1.0,5.30120481928,4.5,0.0,3.0,1.0,2020-09-26,9,2020
208,2.0,5.75079872204,4.4,0.0,1.0,1.0,2020-09-27,9,2020
209,3.0,2.66666666667,4.2,0.0,14.0,4.0,2020-09-28,9,2020
210,0.0,2.10867802109,4.1,0.0,14.0,0.0,2020-09-29,9,2020
211,1.0,4.67980295567,4.1,0.0,10.0,2.0,2020-09-30,9,2020
212,3.0,3.92156862745,4.2,0.0,12.0,5.0,2020-10-01,10,2020
213,0.0,6.97368421053,4.5,0.0,25.0,1.0,2020-10-02,10,2020
214,0.0,3.84615384615,4.3,0.0,6.0,1.0,2020-10-03,10,2020
215,0.0,6.70241286863,4.4,0.0,4.0,0.0,2020-10-04,10,2020
216,3.0,4.75227502528,4.7,0.0,17.0,3.0,2020-10-05,10,2020
217,1.0,3.97140587768,5.0,0.0,23.0,4.0,2020-10-06,10,2020
218,1.0,5.24064171123,5.1,0.0,9.0,5.0,2020-10-07,10,2020
219,1.0,4.88841657811,5.2,0.0,18.0,2.0,2020-10-08,10,2020
220,1.0,6.15735461802,5.1,0.0,17.0,4.0,2020-10-09,10,2020
221,0.0,7.52212389381,5.6,0.0,6.0,2.0,2020-10-10,10,2020
222,1.0,13.202247191,6.5,0.0,5.0,0.0,2020-10-11,10,2020
223,4.0,7.11340206186,6.9,0.0,19.0,0.0,2020-10-12,10,2020
224,2.0,4.21432871764,6.9,0.0,22.0,3.0,2020-10-13,10,2020
225,0.0,5.34262485482,6.9,0.0,13.0,1.0,2020-10-14,10,2020
226,0.0,5.91517857143,7.1,0.0,21.0,2.0,2020-10-15,10,2020
227,0.0,7.92316926771,7.3,0.0,19.0,1.0,2020-10-16,10,2020
228,0.0,10.6557377049,7.8,0.0,5.0,2.0,2020-10-17,10,2020
229,0.0,9.01408450704,7.2,0.0,4.0,1.0,2020-10-18,10,2020
230,6.0,6.85393258427,7.1,0.0,16.0,0.0,2020-10-19,10,2020
231,2.0,4.51263537906,7.2,0.0,10.0,1.0,2020-10-20,10,2020
232,0.0,7.90790790791,7.5,0.0,14.0,0.0,2020-10-21,10,2020
233,1.0,6.7472306143,7.7,0.0,18.0,4.0,2020-10-22,10,2020
234,0.0,9.57810718358,7.9,0.0,14.0,0.0,2020-10-23,10,2020
235,0.0,8.31918505942,7.6,0.0,9.0,1.0,2020-10-24,10,2020
236,0.0,12.600536193,8.1,0.0,8.0,0.0,2020-10-25,10,2020
237,2.0,9.45692883895,8.4,0.0,9.0,4.0,2020-10-26,10,2020
238,2.0,6.54728595411,8.7,0.0,12.0,2.0,2020-10-27,10,2020
239,4.0,9.56678700361,9.0,0.0,16.0,4.0,2020-10-28,10,2020
240,2.0,8.87029288703,9.3,0.0,11.0,2.0,2020-10-29,10,2020
241,0.0,9.47802197802,9.3,0.0,16.0,1.0,2020-10-30,10,2020
242,0.0,11.9433198381,9.8,0.0,9.0,2.0,2020-10-31,10,2020
243,0.0,20.8333333333,11.0,0.0,4.0,1.0,2020-11-01,11,2020
244,8.0,10.2246320682,11.1,0.0,17.0,7.0,2020-11-02,11,2020
245,2.0,8.41346153846,11.3,0.0,18.0,4.0,2020-11-03,11,2020
246,1.0,12.323943662,11.7,0.0,14.0,1.0,2020-11-04,11,2020
247,2.0,12.1278140886,12.2,0.0,16.0,3.0,2020-11-05,11,2020
248,1.0,13.508612874,12.8,0.0,7.0,3.0,2020-11-06,11,2020
249,0.0,14.2857142857,13.1,0.0,11.0,2.0,2020-11-07,11,2020
250,1.0,15.5440414508,12.3,0.0,13.0,5.0,2020-11-08,11,2020
251,3.0,11.4675767918,12.5,0.0,13.0,5.0,2020-11-09,11,2020
252,0.0,13.7677053824,13.3,0.0,21.0,9.0,2020-11-10,11,2020
253,1.0,14.2857142857,13.6,0.0,22.0,6.0,2020-11-11,11,2020
254,1.0,15.028432169,14.0,0.0,13.0,5.0,2020-11-12,11,2020
255,4.0,14.450867052,14.1,0.0,17.0,2.0,2020-11-13,11,2020
256,1.0,15.5015197568,14.3,0.0,6.0,4.0,2020-11-14,11,2020
257,3.0,14.8606811146,14.2,0.0,6.0,1.0,2020-11-15,11,2020
258,2.0,10.6369008536,14.1,0.0,26.0,7.0,2020-11-16,11,2020
259,1.0,11.6991643454,13.8,0.0,22.0,10.0,2020-11-17,11,2020
260,1.0,12.2222222222,13.5,0.0,37.0,3.0,2020-11-18,11,2020
261,1.0,9.91140642303,12.8,0.0,37.0,11.0,2020-11-19,11,2020
262,3.0,11.6394606104,12.4,0.0,21.0,7.0,2020-11-20,11,2020
263,0.0,11.6306954436,11.8,0.0,22.0,5.0,2020-11-21,11,2020
264,0.0,13.3766233766,11.6,0.0,12.0,4.0,2020-11-22,11,2020
265,2.0,13.2675438596,12.0,0.0,41.0,4.0,2020-11-23,11,2020
266,1.0,11.7014925373,12.0,0.0,24.0,6.0,2020-11-24,11,2020
267,1.0,12.479338843,12.0,0.0,23.0,8.0,2020-11-25,11,2020
268,0.0,18.9300411523,13.3,0.0,8.0,4.0,2020-11-26,11,2020
269,1.0,13.1313131313,13.5,0.0,5.0,4.0,2020-11-27,11,2020
270,0.0,18.530884808,14.5,0.0,11.0,0.0,2020-11-28,11,2020
271,0.0,18.2795698925,15.2,0.0,14.0,4.0,2020-11-29,11,2020
272,2.0,16.0080375084,15.6,0.0,21.0,13.0,2020-11-30,11,2020
273,2.0,13.2537688442,15.8,0.0,23.0,5.0,2020-12-01,12,2020
274,1.0,12.101910828,15.7,0.0,20.0,5.0,2020-12-02,12,2020
275,0.0,14.4247787611,15.1,0.0,19.0,5.0,2020-12-03,12,2020
276,2.0,11.1394557823,14.8,0.0,29.0,7.0,2020-12-04,12,2020
277,0.0,13.488372093,14.1,0.0,9.0,1.0,2020-12-05,12,2020
278,0.0,15.8562367865,13.8,0.0,12.0,3.0,2020-12-06,12,2020
279,1.0,11.4219114219,13.1,0.0,28.0,10.0,2020-12-07,12,2020
280,1.0,11.6295264624,12.9,0.0,25.0,3.0,2020-12-08,12,2020
281,0.0,10.2172164119,12.6,0.0,27.0,9.0,2020-12-09,12,2020
282,1.0,12.3090745732,12.3,0.0,24.0,8.0,2020-12-10,12,2020
283,9.0,12.9981024668,12.6,0.0,31.0,9.0,2020-12-11,12,2020
284,1.0,15.2133580705,12.8,0.0,17.0,2.0,2020-12-12,12,2020
285,1.0,15.0579150579,12.7,0.0,9.0,3.0,2020-12-13,12,2020
286,1.0,12.5553914328,12.9,1.0,38.0,9.0,2020-12-14,12,2020
287,3.0,12.1532364597,12.9,0.0,40.0,17.0,2020-12-15,12,2020
288,1.0,14.3176733781,13.5,0.0,21.0,8.0,2020-12-16,12,2020
289,1.0,11.152764761,13.3,0.0,27.0,10.0,2020-12-17,12,2020
290,2.0,12.1461187215,13.2,0.0,40.0,11.0,2020-12-18,12,2020
291,0.0,13.3561643836,13.0,0.0,16.0,7.0,2020-12-19,12,2020
292,2.0,16.0777385159,13.1,0.0,35.0,8.0,2020-12-20,12,2020
293,1.0,10.0433526012,12.7,0.0,46.0,9.0,2020-12-21,12,2020
294,5.0,9.53488372093,12.4,0.0,40.0,13.0,2020-12-22,12,2020
295,1.0,11.4832535885,12.0,0.0,35.0,8.0,2020-12-23,12,2020
296,2.0,10.5341246291,11.9,0.0,28.0,4.0,2020-12-24,12,2020
297,0.0,13.6645962733,12.1,0.0,6.0,0.0,2020-12-25,12,2020
298,0.0,15.6701030928,12.4,0.0,19.0,8.0,2020-12-26,12,2020
299,0.0,18.1141439206,12.7,0.0,16.0,3.0,2020-12-27,12,2020
300,3.0,10.8425414365,12.8,0.0,21.0,16.0,2020-12-28,12,2020
301,2.0,11.802378774,13.2,0.0,28.0,6.0,2020-12-29,12,2020
302,2.0,12.2687439143,13.3,0.0,24.0,2.0,2020-12-30,12,2020
303,0.0,12.0041753653,13.5,0.0,15.0,7.0,2020-12-31,12,2020
304,0.0,21.4765100671,14.6,0.0,8.0,2.0,2021-01-01,1,2021
305,0.0,15.6151419558,14.6,0.0,22.0,3.0,2021-01-02,1,2021
306,0.0,19.4545454545,14.8,0.0,16.0,4.0,2021-01-03,1,2021
307,0.0,10.6026785714,14.7,0.0,17.0,8.0,2021-01-04,1,2021
308,4.0,12.8843338214,14.9,0.0,22.0,4.0,2021-01-05,1,2021
309,1.0,12.3644251627,14.9,0.0,25.0,9.0,2021-01-06,1,2021
310,0.0,9.88909426987,14.6,0.0,20.0,8.0,2021-01-07,1,2021
311,3.0,9.90476190476,13.0,0.0,22.0,7.0,2021-01-08,1,2021
312,1.0,9.94152046784,12.1,0.0,12.0,3.0,2021-01-09,1,2021
313,1.0,11.2412177986,11.0,0.0,9.0,4.0,2021-01-10,1,2021
314,2.0,5.69105691057,10.3,0.0,25.0,6.0,2021-01-11,1,2021
315,4.0,9.18273645546,9.7,0.0,22.0,11.0,2021-01-12,1,2021
316,1.0,9.44162436548,9.3,0.0,27.0,7.0,2021-01-13,1,2021
317,4.0,7.02389572773,8.9,0.0,31.0,7.0,2021-01-14,1,2021
318,1.0,7.97366495977,8.6,0.0,34.0,6.0,2021-01-15,1,2021
319,2.0,9.03119868637,8.5,0.0,16.0,4.0,2021-01-16,1,2021
320,1.0,11.7270788913,8.6,0.0,9.0,7.0,2021-01-17,1,2021
321,0.0,5.85906571655,8.6,1.0,23.0,7.0,2021-01-18,1,2021
322,2.0,5.84112149533,8.1,0.0,37.0,11.0,2021-01-19,1,2021
323,0.0,8.41995841996,8.0,0.0,24.0,9.0,2021-01-20,1,2021
324,3.0,6.50717703349,7.9,0.0,25.0,6.0,2021-01-21,1,2021
325,5.0,5.0176056338,7.5,0.0,18.0,5.0,2021-01-22,1,2021
326,1.0,6.3122923588,7.1,0.0,13.0,6.0,2021-01-23,1,2021
327,0.0,5.73643410853,6.2,0.0,8.0,5.0,2021-01-24,1,2021
328,1.0,6.26545754328,6.3,0.0,23.0,12.0,2021-01-25,1,2021
329,1.0,5.19480519481,6.2,1.0,26.0,7.0,2021-01-26,1,2021
330,0.0,7.49185667752,6.1,0.0,18.0,13.0,2021-01-27,1,2021
331,0.0,6.02150537634,6.0,0.0,27.0,12.0,2021-01-28,1,2021
332,1.0,9.06002265006,6.6,0.0,20.0,2.0,2021-01-29,1,2021
333,0.0,6.14828209765,6.6,0.0,10.0,3.0,2021-01-30,1,2021
334,1.0,7.79727095517,6.9,0.0,8.0,10.0,2021-01-31,1,2021
335,2.0,4.76545048399,6.6,0.0,39.0,6.0,2021-02-01,2,2021
336,3.0,4.08022130014,6.5,0.0,17.0,6.0,2021-02-02,2,2021
337,1.0,5.62560620757,6.2,0.0,34.0,13.0,2021-02-03,2,2021
338,2.0,3.0482641829,5.8,0.0,16.0,11.0,2021-02-04,2,2021
339,1.0,4.26065162907,5.1,0.0,23.0,5.0,2021-02-05,2,2021
340,3.0,6.89655172414,5.2,0.0,5.0,2.0,2021-02-06,2,2021
341,1.0,4.34782608696,4.7,0.0,5.0,1.0,2021-02-07,2,2021
342,1.0,3.29181494662,4.5,0.0,20.0,8.0,2021-02-08,2,2021
343,1.0,4.36456996149,4.5,0.0,15.0,9.0,2021-02-09,2,2021
344,2.0,4.24628450106,4.4,0.0,15.0,6.0,2021-02-10,2,2021
345,0.0,4.50549450549,4.6,0.0,18.0,7.0,2021-02-11,2,2021
346,2.0,5.23415977961,4.7,0.0,12.0,6.0,2021-02-12,2,2021
347,2.0,4.2600896861,4.3,0.0,10.0,1.0,2021-02-13,2,2021
348,0.0,6.94864048338,4.7,0.0,6.0,3.0,2021-02-14,2,2021
349,1.0,4.09683426443,4.8,0.0,6.0,2.0,2021-02-15,2,2021
350,0.0,3.06451612903,4.6,0.0,4.0,5.0,2021-02-16,2,2021
351,0.0,3.64077669903,4.5,0.0,8.0,5.0,2021-02-17,2,2021
352,1.0,2.81848928974,4.3,0.0,10.0,8.0,2021-02-18,2,2021
353,4.0,3.19444444444,4.0,0.0,9.0,5.0,2021-02-19,2,2021
354,1.0,5.07462686567,4.1,0.0,3.0,4.0,2021-02-20,2,2021
355,0.0,3.53260869565,3.6,0.0,3.0,1.0,2021-02-21,2,2021
356,1.0,1.6348773842,3.3,0.0,6.0,10.0,2021-02-22,2,2021
357,3.0,3.42052313883,3.3,0.0,11.0,6.0,2021-02-23,2,2021
358,1.0,3.01047120419,3.2,0.0,10.0,5.0,2021-02-24,2,2021
359,1.0,3.09677419355,3.3,0.0,24.0,8.0,2021-02-25,2,2021
360,0.0,3.4620505992,3.3,0.0,15.0,5.0,2021-02-26,2,2021
361,1.0,4.81927710843,3.3,0.0,3.0,3.0,2021-02-27,2,2021
362,1.0,4.2735042735,3.4,0.0,4.0,4.0,2021-02-28,2,2021
363,0.0,2.52365930599,3.5,0.0,14.0,7.0,2021-03-01,3,2021
364,0.0,1.73724212812,3.3,0.0,19.0,11.0,2021-03-02,3,2021
365,1.0,3.10296191819,3.3,0.0,7.0,8.0,2021-03-03,3,2021
366,1.0,4.29835651075,3.5,0.0,7.0,14.0,2021-03-04,3,2021
367,1.0,1.29682997118,3.2,0.0,10.0,5.0,2021-03-05,3,2021
368,0.0,5.14705882353,3.2,0.0,3.0,1.0,2021-03-06,3,2021
369,1.0,5.35714285714,3.4,0.0,6.0,1.0,2021-03-07,3,2021
370,1.0,2.84210526316,3.4,0.0,16.0,4.0,2021-03-08,3,2021
371,0.0,2.37191650854,3.5,0.0,17.0,9.0,2021-03-09,3,2021
372,0.0,4.83271375465,3.7,0.0,7.0,7.0,2021-03-10,3,2021
373,2.0,4.66045272969,3.8,0.0,9.0,4.0,2021-03-11,3,2021
374,0.0,4.47530864198,4.2,0.0,12.0,7.0,2021-03-12,3,2021
375,1.0,3.13901345291,4.0,0.0,7.0,2.0,2021-03-13,3,2021
376,0.0,5.29411764706,3.9,0.0,5.0,1.0,2021-03-14,3,2021
377,0.0,3.55555555556,4.0,0.0,7.0,8.0,2021-03-15,3,2021
378,1.0,2.12418300654,4.0,0.0,12.0,5.0,2021-03-16,3,2021
379,0.0,3.03413400759,3.8,0.0,11.0,5.0,2021-03-17,3,2021
380,0.0,3.91608391608,3.6,0.0,10.0,3.0,2021-03-18,3,2021
381,0.0,2.88315629742,3.4,0.0,6.0,8.0,2021-03-19,3,2021
382,0.0,4.51612903226,3.6,0.0,7.0,2.0,2021-03-20,3,2021
383,1.0,5.9748427673,3.7,0.0,4.0,0.0,2021-03-21,3,2021
384,3.0,2.88153681964,3.6,0.0,9.0,2.0,2021-03-22,3,2021
385,1.0,3.12837108954,3.8,0.0,7.0,4.0,2021-03-23,3,2021
386,0.0,3.28102710414,3.8,0.0,8.0,6.0,2021-03-24,3,2021
387,3.0,4.4814340589,3.9,0.0,13.0,4.0,2021-03-25,3,2021
388,0.0,4.53020134228,4.1,0.0,10.0,5.0,2021-03-26,3,2021
389,2.0,8.86850152905,4.7,0.0,5.0,2.0,2021-03-27,3,2021
390,2.0,6.17283950617,4.8,0.0,6.0,2.0,2021-03-28,3,2021
391,4.0,5.33333333333,5.1,0.0,10.0,2.0,2021-03-29,3,2021
392,2.0,3.06513409962,5.1,0.0,7.0,6.0,2021-03-30,3,2021
393,0.0,3.51681957187,5.1,0.0,10.0,7.0,2021-03-31,3,2021
394,1.0,3.84615384615,5.0,2.0,4.0,5.0,2021-04-01,4,2021
395,0.0,4.67445742905,5.1,1.0,7.0,4.0,2021-04-02,4,2021
396,0.0,3.90946502058,4.4,0.0,3.0,2.0,2021-04-03,4,2021
397,0.0,5.59210526316,4.3,1.0,2.0,2.0,2021-04-04,4,2021
398,1.0,3.53356890459,4.0,3.0,4.0,7.0,2021-04-05,4,2021
399,0.0,4.16666666667,4.2,2.0,10.0,8.0,2021-04-06,4,2021
400,0.0,5.88235294118,4.5,1.0,5.0,5.0,2021-04-07,4,2021
401,1.0,4.67171717172,4.6,0.0,9.0,4.0,2021-04-08,4,2021
402,7.0,5.04587155963,4.7,0.0,7.0,6.0,2021-04-09,4,2021
403,3.0,10.0278551532,5.6,1.0,3.0,0.0,2021-04-10,4,2021
404,5.0,7.57097791798,5.8,1.0,4.0,2.0,2021-04-11,4,2021
405,1.0,5.11571254568,6.1,0.0,4.0,1.0,2021-04-12,4,2021
406,2.0,4.12168792934,6.1,0.0,10.0,5.0,2021-04-13,4,2021
407,15.0,4.02173913043,5.8,1.0,4.0,8.0,2021-04-14,4,2021
408,3.0,5.73663624511,5.9,2.0,5.0,3.0,2021-04-15,4,2021
409,1.0,5.60131795717,6.0,5.0,6.0,5.0,2021-04-16,4,2021
410,1.0,10.824742268,6.1,9.0,3.0,5.0,2021-04-17,4,2021
411,0.0,8.55457227139,6.3,10.0,5.0,1.0,2021-04-18,4,2021
412,0.0,4.85744456177,6.2,3.0,10.0,10.0,2021-04-19,4,2021
413,1.0,4.98783454988,6.4,0.0,6.0,4.0,2021-04-20,4,2021
414,4.0,6.93215339233,6.8,1.0,5.0,1.0,2021-04-21,4,2021
415,15.0,3.76282782212,6.5,2.0,8.0,3.0,2021-04-22,4,2021
416,19.0,6.45161290323,6.6,1.0,5.0,8.0,2021-04-23,4,2021
417,3.0,7.31707317073,6.1,0.0,1.0,1.0,2021-04-24,4,2021
418,2.0,5.83090379009,5.7,0.0,3.0,1.0,2021-04-25,4,2021
419,13.0,6.01684717208,5.9,1.0,2.0,5.0,2021-04-26,4,2021
420,0.0,6.2416998672,6.1,1.0,4.0,6.0,2021-04-27,4,2021
421,4.0,6.87331536388,6.1,1.0,3.0,5.0,2021-04-28,4,2021
422,2.0,6.56934306569,6.5,0.0,10.0,10.0,2021-04-29,4,2021
423,1.0,8.54271356784,6.8,1.0,9.0,5.0,2021-04-30,4,2021
424,0.0,6.90607734807,6.7,0.0,3.0,1.0,2021-05-01,5,2021
425,1.0,8.46560846561,7.1,0.0,2.0,7.0,2021-05-02,5,2021
426,2.0,4.44711538462,6.9,3.0,4.0,6.0,2021-05-03,5,2021
427,3.0,4.78527607362,6.7,2.0,9.0,2.0,2021-05-04,5,2021
428,1.0,4.07894736842,6.3,1.0,2.0,8.0,2021-05-05,5,2021
429,4.0,5.10366826156,6.0,0.0,1.0,6.0,2021-05-06,5,2021
430,5.0,6.12648221344,5.7,1.0,2.0,3.0,2021-05-07,5,2021
431,0.0,5.79710144928,5.5,0.0,4.0,1.0,2021-05-08,5,2021
432,1.0,5.48387096774,5.1,0.0,2.0,2.0,2021-05-09,5,2021
433,0.0,3.07692307692,4.9,2.0,6.0,3.0,2021-05-10,5,2021
434,5.0,3.52609308886,4.7,0.0,4.0,3.0,2021-05-11,5,2021
435,0.0,4.96124031008,4.9,0.0,4.0,5.0,2021-05-12,5,2021
436,6.0,4.27098674521,4.7,0.0,7.0,7.0,2021-05-13,5,2021
437,0.0,4.89130434783,4.6,1.0,5.0,3.0,2021-05-14,5,2021
438,0.0,7.05128205128,4.8,2.0,0.0,0.0,2021-05-15,5,2021
439,9.0,7.2625698324,5.0,0.0,0.0,3.0,2021-05-16,5,2021
440,4.0,3.47551342812,5.1,0.0,8.0,7.0,2021-05-17,5,2021
441,3.0,3.55805243446,5.1,0.0,2.0,9.0,2021-05-18,5,2021
442,5.0,4.2750929368,5.0,2.0,2.0,6.0,2021-05-19,5,2021
443,0.0,4.47427293065,5.0,0.0,4.0,8.0,2021-05-20,5,2021
444,2.0,4.6875,5.0,0.0,6.0,3.0,2021-05-21,5,2021
445,0.0,4.34782608696,4.6,0.0,1.0,1.0,2021-05-22,5,2021
446,0.0,6.99300699301,4.5,3.0,1.0,2.0,2021-05-23,5,2021
447,0.0,4.10714285714,4.6,0.0,10.0,4.0,2021-05-24,5,2021
448,1.0,2.88888888889,4.5,2.0,4.0,3.0,2021-05-25,5,2021
449,1.0,3.80313199105,4.5,2.0,5.0,2.0,2021-05-26,5,2021
450,7.0,4.18848167539,4.4,0.0,1.0,3.0,2021-05-27,5,2021
451,1.0,2.72479564033,4.2,1.0,7.0,6.0,2021-05-28,5,2021
452,3.0,4.23728813559,4.1,0.0,1.0,4.0,2021-05-29,5,2021
453,3.0,6.15384615385,4.0,1.0,0.0,0.0,2021-05-30,5,2021
454,6.0,2.27272727273,3.8,0.0,1.0,0.0,2021-05-31,5,2021
455,0.0,5.03597122302,4.1,0.0,2.0,4.0,2021-06-01,6,2021
456,0.0,4.31034482759,4.1,0.0,8.0,2.0,2021-06-02,6,2021
457,0.0,3.06603773585,4.0,0.0,4.0,3.0,2021-06-03,6,2021
458,0.0,3.9156626506,4.1,0.0,1.0,4.0,2021-06-04,6,2021
459,0.0,5.47445255474,4.3,0.0,0.0,1.0,2021-06-05,6,2021
460,0.0,6.7264573991,4.4,0.0,1.0,0.0,2021-06-06,6,2021
461,1.0,2.06611570248,4.4,1.0,2.0,3.0,2021-06-07,6,2021
462,0.0,3.22580645161,4.1,0.0,6.0,3.0,2021-06-08,6,2021
463,1.0,4.77528089888,4.2,1.0,12.0,5.0,2021-06-09,6,2021
464,0.0,3.79403794038,4.3,0.0,2.0,4.0,2021-06-10,6,2021
465,0.0,4.16666666667,4.3,0.0,3.0,1.0,2021-06-11,6,2021
466,1.0,5.14705882353,4.3,1.0,1.0,3.0,2021-06-12,6,2021
467,0.0,1.6393442623,3.5,0.0,3.0,0.0,2021-06-13,6,2021
468,0.0,3.25581395349,3.7,0.0,6.0,3.0,2021-06-14,6,2021
469,0.0,2.55813953488,3.6,0.0,4.0,2.0,2021-06-15,6,2021
470,0.0,2.01793721973,3.2,0.0,4.0,5.0,2021-06-16,6,2021
471,0.0,2.11081794195,3.0,0.0,3.0,3.0,2021-06-17,6,2021
472,0.0,4.30463576159,3.0,0.0,4.0,4.0,2021-06-18,6,2021
473,0.0,6.45161290323,3.2,0.0,1.0,1.0,2021-06-19,6,2021
474,1.0,3.40557275542,3.4,1.0,0.0,1.0,2021-06-20,6,2021
475,0.0,4.02843601896,3.6,0.0,3.0,4.0,2021-06-21,6,2021
476,0.0,4.48113207547,3.8,0.0,3.0,1.0,2021-06-22,6,2021
477,0.0,4.70914127424,4.2,0.0,4.0,2.0,2021-06-23,6,2021
478,1.0,4.4502617801,4.5,1.0,2.0,2.0,2021-06-24,6,2021
479,0.0,7.36543909348,5.0,0.0,2.0,2.0,2021-06-25,6,2021
480,0.0,10.0371747212,5.5,0.0,2.0,0.0,2021-06-26,6,2021
481,0.0,9.38511326861,6.4,0.0,0.0,0.0,2021-06-27,6,2021
482,0.0,4.0733197556,6.4,0.0,5.0,3.0,2021-06-28,6,2021
483,0.0,7.12401055409,6.7,0.0,4.0,4.0,2021-06-29,6,2021
484,0.0,6.14035087719,6.9,0.0,5.0,2.0,2021-06-30,6,2021
485,1.0,6.93779904306,7.3,1.0,5.0,4.0,2021-07-01,7,2021
486,1.0,7.80487804878,7.4,1.0,4.0,5.0,2021-07-02,7,2021
487,0.0,7.66283524904,7.0,0.0,2.0,1.0,2021-07-03,7,2021
488,0.0,8.33333333333,6.9,0.0,0.0,0.0,2021-07-04,7,2021
489,0.0,8.79396984925,7.5,0.0,1.0,0.0,2021-07-05,7,2021
490,0.0,8.90410958904,7.8,0.0,3.0,5.0,2021-07-06,7,2021
491,0.0,7.61523046092,8.0,0.0,4.0,2.0,2021-07-07,7,2021
492,1.0,11.8055555556,8.7,0.0,10.0,3.0,2021-07-08,7,2021
493,0.0,8.90410958904,8.9,0.0,2.0,0.0,2021-07-09,7,2021
494,0.0,11.1111111111,9.4,0.0,2.0,0.0,2021-07-10,7,2021
495,0.0,11.6417910448,9.8,0.0,1.0,0.0,2021-07-11,7,2021
496,0.0,11.2727272727,10.2,0.0,2.0,4.0,2021-07-12,7,2021
497,0.0,9.55165692008,10.3,0.0,5.0,2.0,2021-07-13,7,2021
498,0.0,10.3448275862,10.7,0.0,6.0,1.0,2021-07-14,7,2021
499,0.0,15.0724637681,11.1,0.0,2.0,0.0,2021-07-15,7,2021
500,0.0,6.89655172414,10.8,0.0,1.0,0.0,2021-07-16,7,2021
501,0.0,0.0,9.3,0.0,0.0,0.0,2021-07-17,7,2021
